register_and_add,store_data,retrieve_data,peer_trust_rating,calculate_EigenTrust,add_block,num_peers
0.006693832874298096,9.125471115112305e-05,0.0,7.672786712646484e-05,0.007048099040985107,0.050261113643646244,100
0.0070723752975463865,0.00012567663192749023,0.0,0.0006474685668945312,0.002372884750366211,0.10363952875137329,500
0.007702885568141938,7.059752941131592e-05,0.0,0.0010423871874809265,0.0019457721710205078,0.09815677672624588,800
0.007484313726425171,6.437110900878907e-05,2.5053024291992185e-06,0.0012261641025543212,0.0017870194911956787,0.09839040112495423,1000
0.007718523184458414,8.41372013092041e-05,3.91538937886556e-06,0.0037374654610951743,0.002893985827763875,0.11230081836382548,3000
0.008200680685043335,8.021564483642578e-05,2.423429489135742e-06,0.006364652156829834,0.005057776737213135,0.11765132665634155,5000
