register_and_add,store_data,retrieve_data,peer_trust_rating,calculate_EigenTrust,add_block,num_peers
0.006379313468933105,8.551597595214844e-05,0.0,0.00016941070556640624,0.0,0.00016565799713134767,100
0.006481118202209472,6.511688232421875e-05,0.0,0.0005037717819213868,0.00013784313201904296,0.00016425943374633788,500
0.006689122915267944,6.370037794113159e-05,3.0535459518432615e-06,0.000916357934474945,0.00016699790954589845,0.0002324587106704712,800
0.006508597850799561,5.4733991622924804e-05,0.0,0.001179468870162964,0.0002320263385772705,0.0002645876407623291,1000
0.006493636210759481,5.158368746439616e-05,0.0,0.0036953094800313314,0.0006715481281280518,0.0006990331013997396,3000
0.00655764307975769,5.117931365966797e-05,1.6925811767578124e-06,0.0059352612495422365,0.0011990668296813964,0.0011375985622406005,5000
