register_and_add,store_data,retrieve_data,peer_trust_rating,calculate_EigenTrust,add_block,num_peers
0.006642557144165039,4.954624176025391e-05,6.448984146118164e-05,0.0006166448593139649,0.0002770881652832031,0.0004463820457458496,500
0.008140755653381347,7.13644027709961e-05,9.000825881958008e-05,0.0017438507080078124,0.0006426112651824951,0.0010419752597808838,1000
0.009020915349324544,7.203920682271322e-05,0.00010495702425638835,0.00470915158589681,0.0016422243118286133,0.0032014415264129637,3000
0.009419935369491577,0.00012952008247375487,0.00015490288734436035,0.009482386684417725,0.004268561124801636,0.005796515798568725,5000
0.007053392201662063,9.9698007106781e-05,0.00011535397171974183,0.016303148567676545,0.006850618243217468,0.01581921550631523,8000
0.010282668828964234,0.00011035740375518799,0.00012204046249389648,0.07115050330162048,0.011278737163543702,0.017505936741828917,10000
