register_and_add,store_data,retrieve_data,peer_trust_rating,calculate_EigenTrust,add_block,num_peers
3.500248908996582,0.033248186111450195,0.026881933212280273,0.3897218704223633,0.09156274795532227,0.19007515907287598,500
6.980473518371582,0.061894893646240234,0.05306744575500488,1.4041736125946045,0.26293110847473145,0.6518673896789551,1000
34.51447629928589,0.2750062942504883,0.3021674156188965,34.790576696395874,5.910093545913696,15.147276401519775,5000
69.43079161643982,0.5718190670013428,0.5169141292572021,177.19621777534485,25.512686491012573,56.708919286727905,10000
