register_and_add,store_data,retrieve_data,peer_trust_rating,calculate_EigenTrust,add_block,num_peers
0.6693832874298096,0.009125471115112305,0.0,0.007672786712646484,0.7048099040985107,5.026111364364624,100
3.5361876487731934,0.06283831596374512,0.0,0.3237342834472656,1.1864423751831055,51.819764375686646,500
6.16230845451355,0.056478023529052734,0.0,0.8339097499847412,1.5566177368164062,78.5254213809967,800
7.484313726425171,0.06437110900878906,0.0025053024291992188,1.2261641025543213,1.7870194911956787,98.39040112495422,1000
23.155569553375244,0.2524116039276123,0.01174616813659668,11.212396383285522,8.681957483291626,336.90245509147644,3000
41.003403425216675,0.4010782241821289,0.012117147445678711,31.82326078414917,25.288883686065674,588.2566332817078,5000
