register_and_add,store_data,retrieve_data,peer_trust_rating,calculate_EigenTrust,add_block,num_peers
0.6379313468933105,0.008551597595214844,0.0,0.016941070556640625,0.0,0.016565799713134766,100
3.2405591011047363,0.032558441162109375,0.0,0.25188589096069336,0.06892156600952148,0.08212971687316895,500
5.3512983322143555,0.05096030235290527,0.0024428367614746094,0.733086347579956,0.13359832763671875,0.18596696853637695,800
6.5085978507995605,0.054733991622924805,0.0,1.1794688701629639,0.2320263385772705,0.2645876407623291,1000
19.480908632278442,0.15475106239318848,0.0,11.085928440093994,2.0146443843841553,2.0970993041992188,3000
32.78821539878845,0.25589656829833984,0.008462905883789062,29.67630624771118,5.995334148406982,5.687992811203003,5000
